name,email,password,role
Bondon Stowers,bstowers0@nsw.gov.au,hL7TT0QCg,consumer
Sheffy Saipy,ssaipy1@comsenz.com,Eri7ZTu,consumer
Lynda Snowden,lsnowden2@addthis.com,t7rsrE,developer
Sanders Guislin,sguislin3@fema.gov,EzxTRmH09d,consumer
Rochester Clarage,rclarage4@globo.com,QXoi0Yrse,consumer
Alexis Carmo,acarmo5@exblog.jp,MxGTYNDT6,developer
Kerrin Spinke,kspinke6@facebook.com,uyN6Pv,consumer
Felicdad Fardon,ffardon7@springer.com,MovNko8,developer
Minne Bettley,mbettley8@wisc.edu,Jv9QiNIyzc,consumer
Ab Dinzey,adinzey9@exblog.jp,V0dXnjWJ,consumer
Scotty Staden,sstadena@hatena.ne.jp,JrXVx5AMYy6,developer
Adriane Blois,abloisb@cnn.com,hO7DmIvwn1bn,consumer
Fredra Bointon,fbointonc@vkontakte.ru,PwLDClFfZav,consumer
Nonah Harlin,nharlind@aboutads.info,MrbiMZgD3uu9,consumer
Cirstoforo Bertelmot,cbertelmote@jimdo.com,A0x9nTMld7,consumer
Willdon Farries,wfarriesf@amazon.com,b31gKX,consumer
Monroe Liddiatt,mliddiattg@wix.com,uyyW2CAPh57l,consumer
Vaughn Perell,vperellh@businesswire.com,7PYsDSeLyBm,developer
Tamarra Flay,tflayi@chicagotribune.com,jUxJTeH6,consumer
Dave Tofanini,dtofaninij@fda.gov,SwERPbzuE,consumer
